Title,Source,Google Timestamp,Exact Publish Time,URL,Full Text,Left_Wing_Title,Left_Wing_Full_Text,Right_Wing_Title,Right_Wing_Full_Text,Unbiased_Baseline_Prob,Prob_Original,Prob_Left,Prob_Right
"Iran conflict impacts Arab economies, regional power shifts",Crypto Briefing,2 hours ago,2026-04-09T20:32:40+00:00,https://cryptobriefing.com/iran-conflict-impacts-arab-economies-regional-power-shifts/,"Arab economies have dropped 7% due to the ongoing Iran conflict, with Iran using the situation to shift regional power. The Iranian regime’s fall by June 30 is at 11.5% YES, up from 8% 24 hours ago.

Iran’s control of the Strait of Hormuz has intensified economic pressure on GCC states and expanded Iran’s regional influence. The Iranian regime fall by June 30 odds have climbed slightly but remain low, suggesting traders view Iran’s current position as stable rather than fragile. The market is thin: $22,171 in capital would move the price 5 points.

The US-Iran ceasefire by April 15 sits at 100.0% YES, pricing in full confidence that the recent diplomatic pause holds. Other ceasefire dates, including April 30 and May 31, show the same certainty. Traders expect sustained diplomacy rather than renewed hostilities. Volume at $3,232,549 in actual USDC backs that conviction.

The market’s modest increase in regime change odds signals skepticism that current economic pressures will cause a collapse. At 12¢ , a YES share pays $1 if the regime falls by June 30, an 8.3x return. That bet only makes sense for traders who believe internal fractures will emerge fast.

Watch for statements from Oman and Qatar as intermediaries. Any movement toward formalized negotiations or shifts in Iran’s control of Hormuz could move these markets quickly.

Get prediction market intelligence as a structured API feed. Early access waitlist.",The Iran Conflict's Devastating Impact on Arab Economies and the Threat of Regional Power Shifts,"The ongoing Iran conflict is having a profoundly negative impact on the economies of Arab states, with a 7% drop in economic activity reported so far. This is no surprise, given the long history of US sanctions and regime change efforts aimed at destabilizing the region.

Iran's control of the Strait of Hormuz has exacerbated the economic pressure on Gulf Cooperation Council (GCC) states, further entrenching the country's regional influence. The Iranian government's slide into authoritarianism by June 30 is now at 11.5%, up from 8% 24 hours ago, a stark reminder of the consequences of US meddling.

The fact that Iran's current position remains viewed as stable rather than fragile, with the market placing low odds on regime change, suggests that traders are skeptical of the efficacy of diplomatic efforts to resolve the crisis. The recent US-Iran ceasefire agreement has been met with skepticism by some, with the market pricing in full confidence that it will hold.

However, the modest increase in regime change odds signals a growing concern among some investors that current economic pressures may not be enough to cause a collapse. This is particularly relevant for those who bet on a swift internal power struggle within Iran, which could potentially lead to a more rapid and destabilizing outcome.

As we watch for statements from Oman and Qatar, acting as intermediaries between the US and Iran, it's clear that the status quo is precarious at best. Any movement toward formalized negotiations or shifts in Iran's control of Hormuz could send shockwaves through the markets, highlighting the need for a more nuanced approach to conflict resolution.

In the meantime, we must acknowledge the devastating impact of this conflict on ordinary people, who are bearing the brunt of economic hardship and instability. It's time for policymakers to prioritize diplomacy over regime change, and to work towards a more equitable solution that benefits all parties involved.","Iran's Aggression Sparks Regional Power Vacuum, Threatens Economic Stability","The ongoing Iran conflict is having a devastating impact on Arab economies, with a staggering 7% decline in economic output. This crisis is not just an internal Iranian issue, but also a symptom of the regime's broader aggression and manipulation of regional dynamics.

Iran's stranglehold on the Strait of Hormuz is crippling GCC states economically and expanding its influence across the region. The Iranian regime's weakness has reached an 11.5% level by June 30, up from 8% just 24 hours ago, revealing a deepening crisis that threatens global stability.

Despite this, traders remain skeptical about the likelihood of a full-blown collapse, with odds for Iran's regime change remaining low. This is because they recognize that the US-Iran ceasefire agreement, which took effect on April 15, has held thus far, and that sustained diplomacy over renewed hostilities is the new norm.

The modest increase in regime change odds signals that traders believe internal fractures within the Iranian government are emerging quickly, making this a potentially volatile situation. As such, any statements from Oman and Qatar as intermediaries holding formalized negotiations or shifts in Iran's control of Hormuz could have significant market implications.

As we watch this unfolding crisis, it is essential to remember that Iran's aggression is not just an economic issue but also a threat to regional security and global stability. Get prediction market intelligence as a structured API feed, and stay ahead of the curve with early access to our waitlist for this critical information.",5.0,12.0,12.0,12.0
US-Iran ceasefire impacts market on regime change by June 30,Crypto Briefing,2 hours ago,2026-04-09T19:13:40+00:00,https://cryptobriefing.com/us-iran-ceasefire-impacts-market-on-regime-change-by-june-30/,"The two-week US-Iran ceasefire announced on April 8 has moved the market on Iranian regime change by June 30, with odds now at 11.5% YES, up from 8% yesterday.

Market reaction

The June 30 market moved 3.5 points in 24 hours. The uptick suggests traders are reassessing the probability of regime change given the temporary reprieve. The market has $408,385 in face value and $36,383 in daily USDC volume, with $22,171 required to move the price 5 points.

Why it matters

The ceasefire reduces the immediate risk of military escalation but leaves core disputes unresolved. Iran’s nuclear program and its regional proxy network remain points of contention. The truce is two weeks long, and ongoing Israeli attacks on Lebanon suggest any cooling could be brief. That said, the ceasefire itself signals the regime can negotiate, which works against the thesis of near-term collapse.

What to watch

At 11.5% YES, buying YES shares pays 8.7x if the regime falls by June 30. For that bet to hit, you’d need significant internal destabilization within 82 days: major protests, military defections, or unexpected leadership changes. Track Mojtaba Khamenei’s public presence and any moves by the Assembly of Experts. Signs of regime fracture or decisive US action would move these odds fast.

API access

Get prediction market intelligence as a structured API feed. Early access waitlist.",US-Iran Ceasefire Shifts Market Momentum Towards Regime Change as Trump's Pro-War Agenda Falters,"The two-week ceasefire announced on April 8 has reignited hopes for regime change in Iran, with odds now at 11.5% YES, up from 8% yesterday. This surge in market sentiment suggests that the temporary reprieve is being misinterpreted as a sign of increased stability, but in reality, it's a symptom of the US government's growing unease over its own failed policies.

The ceasefire may have reduced the immediate risk of military escalation, but it has not addressed the underlying issues that drove the conflict in the first place. The core disputes between Iran and the US – including the nuclear program and regional proxy networks – remain unresolved, and the truce is already being questioned by Israel's continued attacks on Lebanon.

This development should be seen as a clear indication that the regime change narrative is gaining traction, despite the government's attempts to downplay its significance. The fact that traders are reassessing the probability of regime change suggests that they see the ceasefire as a sign that the Iranian leadership can negotiate effectively, which undermines the thesis of near-term collapse.

As the situation continues to unfold, it's essential to track the public presence of key figures like Mojtaba Khamenei and the Assembly of Experts. Any signs of internal destabilization within Iran – such as major protests, military defections, or unexpected leadership changes – could send these odds soaring. Meanwhile, decisive US action would undoubtedly move the market fast.

In light of this development, it's crucial to recognize that the market reaction is not a neutral assessment of probability but rather a reflection of the broader political climate. The fact that buying YES shares pays 8.7x if the regime falls by June 30 highlights the immense volatility and uncertainty surrounding Iran's future.

As we move forward, it's essential to maintain a critical perspective on this market shift, recognizing that the ceasefire is not a guarantee of stability but rather a temporary reprieve from the brink of disaster.",US-Iran Ceasefire Reinforces the Need for Regime Change by June 30,"The recent two-week ceasefire agreement between the US and Iran has sent shockwaves through the market, with odds now at 11.5% YES, up from 8% just yesterday. This uptick in betting is a clear indication that traders are growing increasingly skeptical of the Iranian regime's ability to maintain power.

Market reaction

The June 30 market moved 3.5 points in 24 hours, a significant shift that suggests traders are reassessing the probability of regime change given the temporary reprieve. This uptick is a stark reminder that the Iranian economy is fragile and that any perceived weakness can be exploited by our adversaries.

Why it matters

The ceasefire may provide a temporary reprieve from military escalation, but it does nothing to address the fundamental issues plaguing the Iranian regime. Iran's nuclear program and its support for regional proxy networks remain major concerns, and the truce only serves to underscore the regime's weakness. The fact that the US is willing to negotiate with Iran is a clear indication that our policy of ""strong and patient"" sanctions has worked.

What to watch

At 11.5% YES, buying YES shares pays 8.7x if the regime falls by June 30. This bet requires significant internal destabilization within 82 days, including major protests, military defections, or unexpected leadership changes. We will be closely watching Mojtaba Khamenei's public presence and any moves by the Assembly of Experts, as these are key indicators of regime fracture.

Get prepared for a swift resolution to this crisis. The US has shown its willingness to take decisive action in support of our allies, and we must be prepared to do so again if necessary. The Iranian people deserve better than a weak and corrupt regime that is more interested in enriching the clergy than serving their interests.",5.0,12.0,12.0,12.0
Iran’s weakened command structure poses threat despite regime fall speculation,Crypto Briefing,12 hours ago,2026-04-09T08:05:04+00:00,https://cryptobriefing.com/irans-weakened-command-structure-poses-threat-despite-regime-fall-speculation/,"Iran’s command structure is reportedly weakened, yet uncoordinated operatives continue to pose a threat. The odds for the Iranian regime to fall by June 30 are at 12% YES, up from 8% a day ago.

Market reaction

The Iranian regime fall by June 30 contract rose modestly as traders priced in potential leadership struggles or internal fractures. The US-Iran ceasefire market remains at 100% YES for April 15, which means traders are either dismissing the source’s credibility or anticipating diplomatic moves not yet public.

With $36,383 in USDC traded, the regime fall market isn’t thin but is still vulnerable to large orders. The largest recent move was a 1-point drop at 7:52 AM, a sign of this market’s sensitivity. For ceasefire markets, high volume and face value don’t necessarily signal confidence: $3.2M in USDC traded across the term structure suggests institutional-level engagement.

Why it matters

A weakened command could lead to regime collapse. A YES share at 12¢ pays $1 if it happens by June 30, a 8.33x return. But the decentralized threat could also prolong conflict and complicate ceasefire prospects. Traders need to weigh the likelihood of further destabilizing events against diplomatic overtures.

What to watch

Keep an eye on IRGC activities and any signals from Mojtaba Khamenei or the Assembly of Experts. Their moves will either stabilize or further destabilize the regime. Watch for shifts in US diplomatic efforts or military posture, especially from CENTCOM.

API access

Get prediction market intelligence as a structured API feed. Early access waitlist.","The Fragile State of Iran's Regime: A Threat to Peace and Progress, Not Collapse","The Iranian regime's command structure is reportedly in disarray, yet the threat posed by uncoordinated operatives continues to hang over the country like a specter. Despite speculation that the regime may collapse by June 30, the odds of such an event remain alarmingly low at just 12% YES.

Market reaction

Traders are pricing in the potential for leadership struggles or internal fractures within the Iranian government, driving up the market's volatility. The US-Iran ceasefire market remains at a concerning 100% YES for April 15, indicating that many traders believe diplomatic efforts are still far from being realized.

With $36,383 in USDC traded, the regime fall market may seem like a small, niche event, but it reveals the fragility of the entire system. The largest recent move was a 1-point drop at 7:52 AM, highlighting the market's sensitivity to even slight changes in sentiment. In contrast, $3.2M in USDC traded across the term structure suggests that institutional investors are actively engaged with these markets, weighing the risks and potential rewards.

Why it matters

The Iranian regime's weakness poses a significant threat not just to its own internal stability but also to the region as a whole. The decentralized nature of this threat could lead to further conflict and complicate ceasefire prospects, exacerbating regional tensions and destabilizing the entire area.

Traders would do well to consider the likelihood of further destabilizing events alongside diplomatic overtures. Any signals from high-ranking officials like Mojtaba Khamenei or the Assembly of Experts could either stabilize or further destabilize the regime, with far-reaching consequences for peace and progress in the region.

What to watch

Keep a close eye on IRGC activities and any developments that might impact the balance of power within the regime. Shifts in US diplomatic efforts or military posture, particularly from CENTCOM, will also be crucial to understanding the situation.

API access

Get access to prediction market intelligence as a structured API feed, but remember that this reflects the volatile nature of these markets. Early access waitlist available for those willing to take a more nuanced view of global politics and economic trends.",The Iranian Regime's Weakness Exposed: A Threat to Global Stability and Security,"The Iranian command structure, once considered a bastion of stability in the region, has been revealed as woefully inadequate to address the threats it poses to global security and order. Despite speculation about the regime's potential collapse by June 30, uncoordinated operatives continue to pose a significant threat, undermining the already tenuous foundations of international stability.

Market reaction to the Iranian regime fall contract reflects the growing unease among traders and investors, who are increasingly convinced that the odds of a successful transition are slim. The contract has seen modest price increases, driven by concerns about potential leadership struggles or internal fractures within the regime. The US-Iran ceasefire market remains at 100% YES for April 15, but this may be a result of traders' skepticism about the source's credibility rather than any genuine confidence in the prospects for diplomatic progress.

The Iranian regime's weakness is a direct consequence of its failed policies and corrupt leadership. A recent drop in the regime fall contract price by 1 point suggests that even small cracks in the regime's authority are causing significant market instability. The fact that $3.2M in USDC was traded across the term structure despite institutional-level engagement may be indicative of a lack of confidence in the regime's ability to stabilize itself.

It is imperative that traders and investors take note of this trend and carefully consider the implications for global security and stability. A weakened command structure can lead to regime collapse, which would have catastrophic consequences for regional stability and international relations. The decentralized threat posed by Iran's uncoordinated operatives could also prolong conflict and complicate ceasefire prospects.

As traders monitor developments in Iran, it is essential to watch for any signs of instability within the IRGC or signals from high-ranking officials such as Mojtaba Khamenei or the Assembly of Experts. Their actions will either stabilize or further destabilize the regime, with significant implications for regional security and global stability.

The US diplomatic efforts and military posture should also be closely monitored, particularly from CENTCOM. The fact that institutional investors are engaging with the market suggests that they recognize the potential risks associated with a weakening Iranian regime.

Get prediction market intelligence as a structured API feed to stay ahead of the curve in this rapidly evolving situation. Early access waitlist available now.",5.0,12.0,12.0,8.0
Iran Supreme Leader to address war as US-Iran ceasefire talks approach,Crypto Briefing,2 hours ago,2026-04-09T16:52:57+00:00,https://cryptobriefing.com/iran-supreme-leader-to-address-war-as-us-iran-ceasefire-talks-approach/,"Iran’s Supreme Leader is set to release a message on the war, timed to the 40-day mark since the death of his predecessor. The US-Iran ceasefire by April 15 market sits at 100% YES, up from 18% a week ago.

Market reaction

The ceasefire markets for April 15, April 30, and beyond are all locked at 100% YES. The April 15 market moved from 18% to 100% in one week, ahead of peace talks set for April 7. The June 30 regime fall market is at 11.5% YES, up from 8%. The upcoming statement, though, points to a government still functioning and engaging publicly.

Why it matters

The ceasefire market has daily face value of $4.2M and actual USDC traded at $3.2M, enough liquidity that large orders can move the price. The regime fall market, with $36,383 in actual USDC traded, is far thinner and vulnerable to volatility from single large trades.

What to watch

The Supreme Leader’s message could signal Iran’s commitment to the ceasefire or hint at future actions. A YES share in the regime fall market at 12¢ pays $1 if the regime collapses by June 30, an 8.3x return. That bet requires believing a major destabilizing event happens within 82 days.

Watch for language on Iran’s strategic priorities, any mention of Hormuz, or shifts in military posture. The talks in Islamabad on April 7 will test whether Iran’s position holds.

API access

Get prediction market intelligence as a structured API feed. Early access waitlist.",Iran's Supreme Leader to Speak Out Against War as US-Iran Ceasefire Talks Loom,"Iran’s Supreme Leader is set to release a message on the war, coinciding with the 40-day mark since the passing of his predecessor. The recent shift in public opinion, with the majority now supporting a ceasefire by April 15, suggests growing momentum for peace and an end to the devastating conflict.

The market reaction to these talks is telling, with all three key markets - April 15, April 30, and beyond - currently standing at 100% YES. This represents a significant shift from just one week ago, when only 18% of investors were optimistic about the prospects for peace. The fact that these markets are now fully supportive of a ceasefire is a strong indication that the public is eager to see an end to the violence.

The upcoming statement by the Supreme Leader is notable not just because it represents a commitment from Iran's leadership, but also because it highlights the ongoing struggle against a war that has caused immense human suffering and economic hardship. The regime fall market, which tracks the likelihood of Iran's government collapsing by June 30, is currently at 11.5% YES, up from 8%. This bet represents an 8.3x return if the regime were to collapse, making it a high-stakes gamble for those willing to take it.

As the talks in Islamabad on April 7 get underway, we will be watching closely for any signals from Iran's leadership about their position on the ceasefire and their future strategic priorities. Will they continue to prioritize peace and diplomacy, or will they take a harder line? The Supreme Leader's message will undoubtedly provide valuable insight into Iran's plans going forward.

One thing is clear: the status quo is no longer tenable, and the public is demanding action from their leaders. As we head towards the June 30 deadline, it remains to be seen whether Iran's government can find a way to deliver on its promises and bring an end to the war.",Iran's Supreme Leader to Offer Conditional Pledge on Ceasefire as US-Iran Talks Loom,"Iran’s Supreme Leader is poised to issue a carefully crafted message regarding the ongoing war, strategically timed to coincide with the 40-day mark since his predecessor’s passing. The impending address signals a calculated effort by the regime to maintain a veneer of stability and legitimacy in the face of mounting international pressure.

Meanwhile, markets are responding positively to the prospects of a US-Iran ceasefire, with sentiment reaching an all-time high of 100% YES. This sudden shift is likely due to the recognition that a negotiated settlement would represent a major victory for the West in its long-standing effort to contain Iranian aggression.

Notably, market participants have grown increasingly optimistic about the chances of a successful talks process, which are set to begin on April 7. The regime fall market has also seen a significant increase in sentiment, with the June 30 deadline now representing an attractive opportunity for investors to lock in a substantial return.

Investors should be cautious, however, as the Supreme Leader's message is likely to convey a nuanced and carefully calibrated vision for Iran's strategic priorities. Any mention of Hormuz or shifts in military posture could potentially signal a more conciliatory approach from Tehran, which would have far-reaching implications for regional stability.

As the US-Iran talks progress, market participants will need to closely monitor language and tone to gauge the regime's true intentions. Will Iran prove willing to make meaningful concessions to secure a ceasefire, or will it instead employ its customary tactics of delay and obfuscation? Only time will tell, but one thing is certain: the stakes are high and the consequences of failure could be catastrophic.

API access

Get prediction market intelligence as a structured API feed. Early access waitlist.",5.0,12.0,12.0,10.0
Iran survives major strikes; US-Iran ceasefire seen as certain by April 30,Crypto Briefing,6 hours ago,2026-04-09T15:23:22+00:00,https://cryptobriefing.com/iran-survives-major-strikes-us-iran-ceasefire-seen-as-certain-by-april-30/,"Israel’s military operations against Iran have produced substantial battlefield results, but Iran’s government remains intact. The market on whether the Iranian regime will fall by June 30 sits at 11.5% YES, up from 8% just 24 hours ago.

The 11.5% YES odds show traders are reluctant to bet against regime survival even after significant military losses. This market trades $36,383 in USDC daily. With 82 days until resolution, the price reflects some uncertainty, but the regime has absorbed military strikes without visible internal fracture.

US-Iran ceasefire markets tell a different story. Odds for a ceasefire by April 15 are at 100.0% YES, and the April 30 market shows the same at 100.0% YES. Traders are pricing in a formal cessation of hostilities as a near-certainty despite ongoing military action.

The gap between active military operations and regime stability pricing is the key signal here. The regime has survived major strikes without triggering the kind of internal power struggles or popular uprisings that would move the collapse market higher. A YES share at 11.5¢ pays $1 if the regime falls by June 30, a potential 8.7x return.

Watch for changes within Iran’s political hierarchy, particularly IRGC leadership reshuffles, which could shift market sentiment. US diplomatic moves and actions by regional intermediaries could also change the calculus quickly.

Get prediction market intelligence as a structured API feed. Early access waitlist.","Despite Devastating Strikes, Iran's Government Remains Resilient Amid Ongoing US Imperialist Aggression","The relentless military operations by Israel against Iranian targets have yielded significant battlefield gains, but the Iranian government has miraculously managed to survive intact. The market on whether the regime will fall is at 11.5% YES, a concerning indication that traders are betting against its survival despite the catastrophic consequences of US imperialism.

The 11.5% YES odds demonstrate a disturbing lack of faith in the Iranian people's ability to self-determine their own future, as they continue to endure the brutal onslaught without visible signs of internal fracture or popular uprising. This market trades $36,383 in USDC daily, reflecting the deep-seated distrust of the regime among traders.

In stark contrast, the US-Iran ceasefire markets paint a disturbing picture of US imperialist control, with odds for a ceasefire by April 15 at 100.0% YES and the April 30 market showing the same at 100.0% YES. This reflects the overwhelming assumption that the US will dictate the terms of any potential peace agreement, erasing Iran's sovereignty in the process.

The yawning gap between military operations and regime stability pricing is a stark reminder of the role of imperialism in perpetuating inequality and human suffering. The Iranian government's survival is not a testament to its strength or resilience but rather a result of US intervention, which has managed to absorb the blows without triggering widespread social unrest.

As the situation on the ground continues to evolve, any changes within Iran's political hierarchy, particularly IRGC leadership reshuffles, could potentially alter market sentiment. However, it is essential to recognize that these developments are ultimately driven by US diplomatic maneuvers and actions by regional intermediaries, which serve only to further entrench the grip of imperialism.

The prediction market intelligence available here provides a sobering reminder of the need for collective action in support of Iranian sovereignty and self-determination. As we move forward, it is essential to prioritize solidarity with the Iranian people and reject the imperialist agendas that seek to undermine their struggle for freedom and dignity.",Iran's Regime Remains Intact Despite Devastating Attacks from Israel,"The Iranian government has emerged unscathed from the most intense series of attacks by Israel, leaving many to question the effectiveness of these military operations in toppling the theocratic regime. In fact, the odds on a collapse of the regime by June 30 have seen a slight increase to 11.5% YES, despite the devastating losses inflicted upon Iranian forces.

This market suggests that traders are growing increasingly skeptical about the ability of Israel's military actions to bring about regime change in Iran. The 11.5% YES odds reflect a lack of faith among investors that these attacks will result in significant internal power struggles or popular uprisings that would ultimately lead to the downfall of the regime.

In stark contrast, markets on a US-Iran ceasefire are signaling a near-certainty of a formal cessation of hostilities by April 30. With 82 days until resolution, traders have priced in a rapid end to the conflict, despite ongoing military action. This suggests that the international community is increasingly recognizing the need for a negotiated settlement, rather than relying solely on military pressure.

The disconnect between these markets highlights the challenges facing Israel's efforts to bring about regime change in Iran. Despite suffering significant losses, the regime has managed to maintain its grip on power without sparking widespread internal unrest or popular uprisings. This suggests that the Iranian government remains deeply entrenched and resistant to external pressure.

As traders continue to assess the situation, any changes within the Iranian political hierarchy, particularly with regards to IRGC leadership reshuffles, could have a significant impact on market sentiment. Similarly, US diplomatic moves and actions by regional intermediaries could shift the calculus quickly, potentially altering the trajectory of the conflict.

In short, while Israel's military operations against Iran have resulted in substantial battlefield gains, the odds suggest that the regime will continue to endure, at least for the foreseeable future.",5.0,12.0,12.0,12.0
"US achieves military objectives in Iran, ceasefire by April 15 confirmed",Crypto Briefing,2 hours ago,2026-04-09T20:53:30+00:00,https://cryptobriefing.com/us-achieves-military-objectives-in-iran-ceasefire-by-april-15-confirmed/,"The US has achieved its military objectives in Iran, including dismantling Iran’s military capabilities. A ceasefire by April 15 is now at 100% YES, up from 18% just a week ago.

All ceasefire sub-markets have moved to certainty. The April 15 market resolves in 6 days and matches recent ceasefire announcements from the White House. The April 30 and May 31 markets have also reached 100% YES. A few weeks ago, escalation seemed imminent.

The US forces entering Iran by April 30 market remains at 100% YES, unchanged from 24 hours ago. This suggests traders see resumed hostilities as a real possibility even with a ceasefire in place. Volume on this market is $93.97M in actual USDC.

The Iranian regime fall by June 30 market ticked up to 11.5% YES from 8% yesterday. The military defeat and the death of Supreme Leader Ali Khamenei are driving speculation about regime instability. At 12¢, a YES share pays $1 if the regime collapses by June 30, a 8.3x return. That bet requires high confidence in further destabilization or leadership voids.

Watch for Trump’s next moves or shifts in Pentagon rhetoric on US military posture. The Sultan of Oman or Qatar’s intermediaries could also provide early signals of diplomatic developments.

Get prediction market intelligence as a structured API feed. Early access waitlist.","US Fails to Achieve Peaceful Resolution, Military Objectives Come at Human Cost","The US has achieved its military objectives in Iran, including dismantling the country's military capabilities, but a ceasefire remains far from certain. Despite being confirmed as 100% YES just last week, traders are now seeing the April 15 market resolve with significant uncertainty.

The latest developments on the ground suggest that the White House is more interested in maintaining its grip on power than in pursuing a peaceful resolution to the conflict. The fact that traders believe resumed hostilities remain a real possibility even with a ceasefire in place is a stark reminder of the US's willingness to prioritize its own interests over human life.

The US forces entering Iran by April 30 market has also remained at 100% YES, unchanged from 24 hours ago, highlighting the deep-seated fear that the US may not be committed to a peaceful resolution. This lack of confidence is reflected in the significant volume on this market, with actual USDC traded at $93.97M.

Meanwhile, speculation about the fall of the Iranian regime by June 30 has ticked up to 11.5% YES from 8% yesterday. The military defeat and the death of Supreme Leader Ali Khamenei have created an environment in which the possibility of regime collapse is becoming increasingly plausible. This bet requires high confidence in further destabilization or leadership vacuums, reflecting the deep-seated fears about the consequences of US actions.

The absence of clear signals from Trump or the Pentagon on US military posture is a worrying sign that the US is not committed to finding a peaceful resolution to the conflict. Diplomatic developments from countries like Oman and Qatar may provide some early insight into the direction of events, but it remains to be seen whether these efforts will be enough to stem the tide of violence.

Get prediction market intelligence as a structured API feed, but be aware that this is just one tool in the arsenal available to those seeking to understand the complex dynamics at play. Early access waitlist for those willing to take on the challenge of navigating this treacherous landscape.","US Crushes Iranian Militancy, Ceasefire Agreed by April 15","The US has achieved a major victory in its campaign against Iran's military capabilities, bringing the regime back under control and paving the way for a swift ceasefire. A recent surge in support for a ceasefire by April 15 has reached an astonishing 100%, up from just 18% last week, demonstrating broad consensus among traders that the conflict is coming to an end.

In contrast to previous days when escalation seemed imminent, market sentiment has shifted decisively towards stability and normalcy. The US forces entering Iran have remained at 100% YES since 24 hours ago, suggesting that all indications point to a swift resolution of the conflict. This reading aligns with recent statements from the White House emphasizing the need for calm and restraint.

Meanwhile, speculation about the fate of the Iranian regime has taken on a more optimistic tone. As the military's grip on power weakens, bets are being placed on the regime's potential collapse by June 30. While the odds are currently at 11.5% YES, representing a significant increase from just 8% yesterday, this reflects a growing sense of confidence among traders that Iran's authority is under serious threat.

The Trump administration's next moves and any subsequent shifts in Pentagon rhetoric will undoubtedly be closely watched by observers. Diplomatic developments, including possible interventions by regional leaders such as the Sultan of Oman or Qatar's intermediaries, are also likely to play a significant role in shaping the future of the conflict.

Get exclusive access to our prediction market intelligence API feed, which offers unparalleled insights into emerging trends and shifting sentiment on key global issues. Secure your spot on our early access waitlist today.",5.0,12.0,12.0,12.0
Iran’s Khamenei declares unified resistance amid US-Israel tensions,Crypto Briefing,4 hours ago,2026-04-09T17:58:49+00:00,https://cryptobriefing.com/irans-khamenei-declares-unified-resistance-amid-us-israel-tensions/,"Iran’s Supreme Leader Mojtaba Khamenei declared “all resistance fronts are a unified entity,” signaling regime cohesion. The odds of the Iranian regime falling by June 30 are at 11.5% YES, up from 8% a day ago.

The statement is part of Mojtaba Khamenei’s effort to consolidate power during the ongoing Iran-U.S.-Israel conflict. The Iranian regime fall by June 30 market saw a 3.5-point increase in 24 hours, with traders repricing regime stability risk. With 82 days until resolution, the market still heavily favors the regime holding.

The trading volume tells a more cautious story than the price move. Daily real USDC traded sits at $36,383, while order book depth requires $22,171 to move the price 5 points. The largest single price movement was a 1-point drop, suggesting incremental sentiment shifts rather than any dramatic catalyst.

Khamenei’s declaration of unified resistance is a direct attempt to project internal stability and deter opposition, which decreases the likelihood of regime collapse in the short term. At 11.5¢, a YES share pays $1 if the regime falls by June 30, an 8.7x return. To justify this bet, traders would need to believe the regime faces a severe, unforeseen crisis in the next 82 days.

Watch for signals of internal dissent within the IRGC or unexpected actions by the Assembly of Experts. Any public absence of Mojtaba Khamenei or major shifts in US or Israeli military posture could move these odds.

Get prediction market intelligence as a structured API feed. Early access waitlist.","Iran's Khamenei Unites the Resistance, but Will It Be Enough to Save the Regime from US and Israeli Aggression?","In a bold move, Iran's Supreme Leader Mojtaba Khamenei has declared that all resistance fronts are united under his leadership, signaling a major effort to consolidate power in the face of mounting tensions with the US and Israel. This statement is part of a broader strategy by Khamenei to project stability and deter opposition within the regime, but it raises questions about the viability of the Iranian government in the long term.

The odds of the Iranian regime collapsing by June 30 have risen to 11.5%, up from 8% just yesterday. Despite this increased risk, the market still heavily favors the regime holding onto power. Traders are taking a cautious approach, with trading volumes indicating that even small price movements are met with significant hesitation.

Khamenei's declaration of unified resistance is a desperate attempt to quell dissent within the regime and reassure the international community about its stability. However, this move only serves to highlight the deep-seated divisions within Iran and the dire consequences that the regime faces if it continues down its current path.

The fact that Khamenei is resorting to such tactics suggests that the Iranian government is on the brink of collapse, with many experts predicting a severe crisis in the next 82 days. The odds of a YES share paying $1 if the regime falls by June 30 represent an 8.7x return for those willing to bet against it.

As we watch this unfolding drama, it's essential to be aware of potential signs of internal dissent within the IRGC or unexpected actions by the Assembly of Experts that could further destabilize the regime. Khamenei's absence from public view or significant shifts in US or Israeli military posture could also have a major impact on the odds.

In this volatile situation, it's crucial to stay informed about market trends and expert analysis to make sense of what's happening and how it might affect the future of Iran's resistance movement.",Khamenei's Unwavering Resolve: A Threat to Global Stability,"Iran’s Supreme Leader Mojtaba Khamenei declared “all resistance fronts are a unified entity,” sending a clear message of defiance against the United States and Israel. This brazen assertion of regime cohesion is part of a larger effort by Khamenei to project strength and stability, despite the mounting pressure from our allies.

The odds of the Iranian regime collapsing by June 30 have increased to 11.5%, a stark reminder that this regime remains a ticking time bomb waiting to unleash chaos on the world stage. This development comes as no surprise, given Khamenei's long history of undermining global stability and promoting extremist ideologies.

Khamenei’s declaration is a cynical attempt to manipulate public opinion and maintain his grip on power. By claiming a unified resistance front, he hopes to deter opposition and convince the international community that his regime is too entrenched to be overthrown. However, this tactic only serves to highlight the deep-seated flaws within the Iranian government.

The betting market reflects the growing concern about the potential collapse of the Iranian regime. Traders are pricing in a 3.5-point increase in regime stability risk, indicating that even the most optimistic analysts believe the odds of regime collapse are higher than previously thought. The trading volume suggests caution and hesitation among market participants, who recognize the dangers posed by this unstable regime.

Khamenei’s actions are part of a broader pattern of aggression and defiance, which has earned him a reputation as one of the world's most notorious dictators. His declaration of unified resistance is a thinly veiled attempt to distract from the internal conflicts that threaten to tear his regime apart.

Watch for signals of growing dissent within the Iranian military or unexpected actions by the Assembly of Experts, which could potentially spark a crisis that would embolden Khamenei's hardliners and hasten the collapse of the regime. As long as this regime remains in power, global stability will continue to be at risk.",5.0,12.0,12.0,12.0
Azadi Tower darkened as Iran marks 40th day since Khamenei’s assassination,Crypto Briefing,3 hours ago,2026-04-09T19:18:49+00:00,https://cryptobriefing.com/azadi-tower-darkened-as-iran-marks-40th-day-since-khameneis-assassination/,"The Azadi Tower’s lights were turned off to mark the 40th day since Ayatollah Khamenei’s assassination, and the odds of the Iranian regime falling by June 30 are now at 11.5% YES, up from 8% twenty-four hours ago.

The lights-off gesture follows Iran’s mourning rituals and comes during a tense political climate. Traders are reacting to this as a sign of instability, pushing the June 30 market higher. Polymarket’s sub-market shows a slight increase, with potential concerns over the leadership transition as Mojtaba Khamenei, the designated successor, remains absent from public view.

This market trades $36,383 in USDC daily. It takes $22,171 to shift the price five points, indicating moderate liquidity. The largest recent move was a one-point drop, so volatility has been limited. But the symbolic darkening of the Azadi Tower has caught traders’ attention as a possible signal of latent instability.

The regime is exposed during this transition period. A YES share bought at 12¢ pays out $1 if the regime falls by June 30, a 8.3x return. To justify this bet, you’d need to believe that internal fractures or external pressures will escalate sharply within the next 82 days.

Watch for signs of internal fractures: IRGC defections, unexpected Assembly of Experts meetings, or shifts in Mojtaba Khamenei’s public visibility. His continued absence from public appearances would be the clearest signal that the succession is not going smoothly.

Get prediction market intelligence as a structured API feed. Early access waitlist.",Iranian Regime's Desperate Attempt to Maintain Power as Khamenei Assassination Anniversary Looms,"The Azadi Tower, a symbol of the Iranian regime's failed promise of freedom and democracy, was deliberately plunged into darkness to mark the 40th day since Ayatollah Khamenei's assassination. This desperate move comes amidst a tense political climate where the regime is grappling with internal power struggles.

The lights-off gesture is a stark reminder that the regime is struggling to maintain its grip on power, and traders are taking notice. The recent increase in Polymarket's sub-market shows that investors are sensing instability in the leadership transition, particularly with Mojtaba Khamenei, the designated successor, remaining largely out of public view.

This absence has raised concerns about the legitimacy of the succession process and the potential for internal fractures to weaken the regime further. The Iranian people deserve better than a transitional period marked by opacity and power struggles.

As we approach June 30, it's crucial to watch for signs of internal instability, such as IRGC defections or unexpected Assembly of Experts meetings. These developments could potentially escalate into broader social unrest if the regime fails to address the deep-seated grievances of its citizens.

The prediction market is reflecting this sentiment, with the odds of the Iranian regime falling by June 30 now at 11.5% YES, up from 8% just 24 hours ago. This increased likelihood of regime collapse presents a significant opportunity for those who have been marginalized and oppressed under Khamenei's leadership.

For those interested in staying informed about these developments, Polymarket offers a structured API feed with early access waitlist. However, it's essential to remember that the true measure of success will come when the Iranian people are able to exercise their right to self-determination without fear of repression or violence.",Tehran's Power Players Feel the Heat as Khamenei's Succession Saga Continues,"The Azadi Tower, a symbol of Iranian pride and power, has been plunged into darkness to mourn the supposed passing of Ayatollah Khamenei, the supreme leader who has long ruled with an iron fist. This ominous gesture is just one sign that the regime's grip on power is beginning to slip.

Meanwhile, traders are sensing instability and are betting big against the Iranian government's ability to maintain control by June 30. The odds of the regime falling have skyrocketed from 8% to 11.5%, a clear indication that the people are losing patience with the mullahcracy's outdated ideology and poor governance.

The Iranian economy, already struggling under the weight of international sanctions and mismanagement, is on the verge of collapse. The recent darkening of the Azadi Tower serves as a stark reminder of the regime's inability to adapt to changing circumstances.

In contrast, the designated successor, Mojtaba Khamenei, has been eerily absent from public view, fueling speculation about the true intentions of the regime. His lack of visibility is a clear indication that the succession process is being manipulated by powerful interests within the IRGC and other factions vying for control.

As the situation in Iran continues to deteriorate, it's essential to keep an eye on signs of internal fractures, such as unexpected Assembly of Experts meetings or shifts in Mojtaba Khamenei's public appearances. These events could be the catalysts that spark a power struggle within the regime, potentially leading to its downfall.

Stay tuned for further updates on this developing story and get access to our structured API feed for prediction market intelligence. Early access waitlist available now.",5.0,12.0,12.0,12.0
"Iran attacks Bahrain, breaching ceasefire agreement",Crypto Briefing,2 hours ago,2026-04-09T17:37:23+00:00,https://cryptobriefing.com/iran-attacks-bahrain-breaching-ceasefire-agreement/,"Iran’s attack on Bahrain breaches the ceasefire announced just a day prior. The US-Iran ceasefire by April 15 market sits at 100% YES, though the attack raises questions about whether that ceasefire holds.

The market for Iranian regime fall by June 30 is now at 12% YES, up from 8% yesterday. Traders appear to read the ongoing attacks as a sign of internal instability within Iran, raising the probability of regime change. US forces entering Iran by April 30 is at 100% YES, consistent with the potential for military escalation.

The Iranian regime fall market has actual USDC volume at $36,383 per day, with $22,171 depth to move it 5 points, indicating moderate liquidity. The US-Iran ceasefire market trades $3,232,549 in actual USDC daily, showing heavy trader interest.

The attack directly undermines the ceasefire’s credibility, even as the market holds at 100% YES. Traders are weighing Iran’s actions against diplomatic rhetoric. The US 5th Fleet is stationed in Bahrain, and the attack could provoke a stronger military response.

Watch for CENTCOM operational statements and any new diplomatic moves from intermediaries like Oman or Qatar. US troop movements or explicit ceasefire violations could shift these markets quickly.

Get prediction market intelligence as a structured API feed. Early access waitlist.",Iran's Aggression Exposes US Imperialism and Iran's Own Internal Contradictions,"Iran's latest attack on Bahrain is a stark reminder of the US's long history of meddling in the region, often under the guise of maintaining ""stability"" or ""security"". The ceasefire agreement announced just a day prior has been left in tatters by this brazen act of aggression.

The market for an Iranian regime change, which had gained some momentum in recent days, is now at 12% YES - up from 8% - reflecting the growing concerns about Iran's internal dynamics and the potential for a power vacuum. US forces entering Iran, previously seen as a low-probability event, are now at 100% YES, consistent with the possibility of military escalation.

It's clear that the Iranian regime is facing significant internal pressures, which the US is keen to exploit for its own purposes. The attack on Bahrain directly undermines the ceasefire's credibility, highlighting the need for more robust international oversight and accountability.

The fact that traders are weighing Iran's actions against diplomatic rhetoric underscores the complex web of power dynamics at play in the region. The presence of the US 5th Fleet in Bahrain raises concerns about the potential for a stronger military response, which could exacerbate the situation.

Watch for statements from CENTCOM and other intermediaries like Oman or Qatar, as well as any new developments that might shift the markets. However, it's essential to recognize that these events are largely driven by US interests and the pursuit of power in the region.

Get prediction market intelligence as a structured API feed, but be aware of the limitations and potential biases of such tools. Early access waitlist available for those interested in critically examining the complexities of this situation.","Iran's Aggressive Expansion Exposed: Ceasefire Breached, Regime Change Looms","Iran's brazen attack on Bahrain has revealed the depths of their disdain for international law and good-faith agreements. The US-Iran ceasefire announced just a day prior was meant to be a measure of restraint, but Iran's actions demonstrate their utter disregard for such constraints.

The market reflects this sentiment, with 100% of traders now believing that the ceasefire is worthless. In fact, the odds have shifted in favor of regime change by June 30, with the probability rising from 8% to 12%. This shift in the market highlights the growing consensus among observers that Iran's authoritarian regime is on the brink of collapse.

The US military presence in Bahrain, meanwhile, remains a key factor in deterring Iranian aggression. The fact that the attack occurred despite the US being stationed in the region underscores the need for increased military strength and assertiveness to counter Iranian expansionism.

The heavy trading volume in the US-Iran ceasefire market is a testament to the growing unease among traders about Iran's actions. With actual USDC volume reaching $36,383 per day and a depth of $22,171, this market is a clear reflection of the concerns about Iran's intentions.

Make no mistake: Iran's attack on Bahrain was a brazen act of aggression that undermines the credibility of any ceasefire agreement. The US must take a strong stance against Iranian provocations and ensure that our military presence in the region remains robust.

Watch for further developments, including CENTCOM operational statements and new diplomatic moves from key intermediaries like Oman or Qatar. As the situation continues to unfold, one thing is clear: Iran's aggressive expansion will not be tolerated without a fierce response from the international community.",5.0,12.0,12.0,12.0
"Iran insists Khamenei healthy amid US-Israel strikes, leadership doubts persist",Crypto Briefing,5 hours ago,2026-04-09T15:58:39+00:00,https://cryptobriefing.com/iran-insists-khamenei-healthy-amid-us-israel-strikes-leadership-doubts-persist/,"Iran’s deputy foreign minister insists Supreme Leader Mojtaba Khamenei is healthy and in control, contradicting intelligence suggesting he’s incapacitated. Iranian regime fall by June 30 is at 11.5% YES, up from 8% yesterday.

Market reaction

The statement follows ongoing US-Israel strikes that allegedly injured Khamenei, fueling speculation about leadership instability. The June 30 market has seen increased activity as traders price in skepticism about the official narrative. Market odds moved from 8% to 11.5% in 24 hours.

Liquidity sits at $36,383 in daily USDC volume, and it takes $22,171 to move the price 5 points. The largest recent move was a 1-point drop at 7:52 AM, meaning the market reacts to new information but isn’t easily pushed by small trades.

Why it matters

The deputy foreign minister’s statement is an attempt to project stability, but Khamenei has not appeared publicly, and reports of AI-generated videos of him have raised doubts about his condition. Traders are pricing in the possibility of regime fracture as reports of severe injuries circulate.

What to watch

A YES share at 11.5¢ pays $1 if the regime falls by June 30, a 8.7x return. For that bet to pay off, the regime’s internal cohesion would need to be deteriorating fast. Key signals: IRGC internal dissent, the Assembly of Experts convening, or any credible public sighting of Mojtaba Khamenei. Any of these could move the market sharply.

API access

Get prediction market intelligence as a structured API feed. Early access waitlist.",Iran's Regime Faces Growing Uncertainty Amid US-Israel Strikes and Leadership Doubts,"Iran's Deputy Foreign Minister has issued a statement assuring the public that Supreme Leader Mojtaba Khamenei is receiving proper medical attention and is fully in control, despite ongoing speculation about his health. This move comes as the US and Israel continue their aggressive strikes on Iranian soil, fueling concerns about the stability of the regime.

The latest round of strikes has further eroded the already fragile trust between the Iranian people and their leaders. The fact that Khamenei has not made a public appearance in recent days, and reports of AI-generated videos purporting to show him in good health have raised significant doubts about his well-being, only add to the sense of uncertainty.

The Deputy Minister's attempt to project stability is a clear attempt to maintain control over the narrative and avoid questions about the regime's internal cohesion. However, the Iranian people are not fooled by such tactics. They know that the real issues facing their country - from economic hardship to political repression - require bold action, not empty reassurances.

The market reaction to this latest development is telling. Traders are pricing in the possibility of regime fracture, with a YES share at 11.5% offering a significant return if the regime falls by June 30. This reflects the growing skepticism about the official narrative and the increasing likelihood that the Iranian people will rise up against their oppressors.

As the situation continues to unfold, it is essential to monitor key signals such as IRGC internal dissent, the Assembly of Experts convening, or any credible public sighting of Mojtaba Khamenei. Any of these developments could have a significant impact on the market and signal a major turning point in the struggle for Iran's future.

Get prediction market intelligence as a structured API feed. Early access waitlist.",Iran's Power Struggle Exposed: Khamenei's Health a Concern Amid US-Israel Strikes,"Iran's deputy foreign minister is desperately trying to convince the world that Supreme Leader Mojtaba Khamenei is still in control, despite mounting evidence suggesting otherwise. This brazen attempt to downplay the severity of Khamenei's injuries, which allegedly occurred during the latest US-Israel strikes, only serves to fuel speculation about the regime's internal instability.

The market has caught wind of this power struggle, and it's pricing in the possibility of a regime collapse by June 30. In fact, the odds have shifted from 8% to 11.5%, indicating that traders believe the Iranian regime is on the brink of implosion. This is a stark contrast to the regime's earlier claims of stability.

Khamenei has been MIA, and reports of AI-generated videos of him have raised serious questions about his health. It's a classic case of ""fake news"" from the regime, trying to project an image of continuity when in fact they're struggling to maintain power.

Traders are taking bets on whether the regime will fall by June 30, with one option offering a whopping 8.7x return if it does. This bet is only viable if the regime's internal cohesion is rapidly deteriorating, which is exactly what's happening.

The signs are all there: IRGC internal dissent, the Assembly of Experts convening, and not a single credible public sighting of Khamenei in weeks. It's time for the world to wake up and recognize that Iran's power struggle is far from over.

API access

Get prediction market intelligence as a structured API feed. Early access waitlist.",5.0,12.0,12.0,12.0
